name_gs,cites,scopus_name,scopus_id,n_query_results,country_aff,n_docs,areas_research,name_twitter,twitter_id,twitter_account,ntTweets,ntFwd,ntFws,ntLikes,date_created,yTwitter,yCareer,nCoAuths,nPubs,nCites,nCitesPP,nCollabsTooHigh,nCsWR,nCCmpWR,nCsWOR,nCCmpWOR,nCsDif,nCCmpDif
T√µnu Esko,88114,Esko; T√µnu,26648246800,2,Estonia,285,BIOC (248); MEDI (154); AGRI (35),T√µnu Esko,2207626603,EskoTonu,7,36,169,6,2013-11-21 18:29:02+00:00,9,13,5595,287,53599,186.7560975609756,1,0,0,0,0,0,0
Reedik M√§gi,52523,M√§gi; Reedik,56813518300,1,Estonia,242,BIOC (221); MEDI (147); AGRI (35),Reedik M√§gi,1153324974922489863,m_reedik,4,4,25,0,2019-07-22 15:24:36+00:00,3,20,4651,242,35554,146.91735537190084,1,0,0,0,0,0,0
Leho Tedersoo,32707,Tedersoo; Leho,8599681300,1,Estonia,202,AGRI (223); BIOC (113); ENVI (74),Leho Tedersoo,2898064637,tedersoo,117,12,1470,1,2014-11-29 20:41:10+00:00,8,19,1563,204,23680,116.07843137254902,0,16,1,17,4,1,3
J√ºri Allik,27395,All√Øk; J√ºri,7003428288,1,Estonia,217,PSYC (215); NEUR (65); MEDI (60),J√ºri Allik,1498570711987851264,AllikJuri,1,1,0,0,2022-03-01 08:08:22+00:00,0,46,1057,218,13514,61.99082568807339,0,9,1,19,9,10,8
Urmas K√µljalg,26181,K√µljalg; Urmas,6603238587,1,Estonia,95,AGRI (104); BIOC (56); ENVI (32),Urmas K√µljalg,2791326731,KoljalgUrmas,6,41,81,2,2014-09-29 11:27:20+00:00,8,30,1081,95,18035,189.8421052631579,0,10,1,9,3,-1,2
Jaak Vilo,19903,Vilo; Jaak,6601986833,1,Estonia,96,BIOC (100); COMP (28); MEDI (28),Jaak Vilo,36367955,jaakvilo,695,400,660,1412,2009-04-29 14:21:24+00:00,13,30,537,96,13128,136.75,0,13,1,16,5,3,4
Heikki Junninen,16756,Junninen; Heikki,11339750700,1,Estonia,161,EART (105); ENVI (71); PHYS (24),Heikki Junninen,19621429,turms,21,37,160,22,2009-01-27 22:30:34+00:00,13,19,759,161,12609,78.3167701863354,0,7,1,11,2,4,1
Meelis P√§rtel,15562,P√§rtel; Meelis,6701389712,1,Estonia,190,ENVI (206); AGRI (155); BIOC (15),Macroecology UT,2546360293,MacroecologyUT,664,215,1125,3310,2014-06-04 15:18:08+00:00,8,27,1039,190,10510,55.31578947368421,0,7,1,11,2,4,1
Jaanus Harro,10639,Harro; Jaanus E.,16227077400,1,Estonia,266,MEDI (203); NEUR (182); PHAR (113),Jaanus Harro,1280389432311496704,JaanusHarro,1,0,7,0,2020-07-07 06:34:09+00:00,2,36,510,266,6916,26.0,0,6,1,11,6,5,5
Mihkel Zilmer,9838,Zilmer; Mihkel K.,7004143129,1,Estonia,201,MEDI (171); BIOC (109); NEUR (22),Mihkel Zilmer,547749513,MihkelZilmer,339,1124,564,196,2012-04-07 14:57:26+00:00,10,37,419,201,6139,30.54228855721393,0,6,1,7,5,1,4
Vallo Tillmann,8734,Tillmann; Vallo,6602908620,2,Estonia,143,MEDI (165); BIOC (80); IMMU (28),Vallo Tillmann,903215623257370624,ValloTillmann,1,24,8,1,2017-08-31 11:19:20+00:00,5,26,731,144,5325,36.979166666666664,0,7,1,12,8,5,7
Henn Ojaveer,7518,Ojaveer; Henn,6603176466,1,Denmark,110,AGRI (124); ENVI (100); EART (34),henn ojaveer,1508636374068572164,HennOjaveer,0,1,0,0,2022-03-29 02:45:25+00:00,0,26,734,110,4638,42.163636363636364,0,8,1,19,11,11,10
Toomas Tammaru,7150,Tammaru; Toomas,7004367748,1,Estonia,115,AGRI (122); ENVI (49); BIOC (18),Richard Toomas Tammaru,1449416698340184064,RichardToomas,1,4,0,2,2021-10-16 16:47:43+00:00,1,27,228,115,4808,41.80869565217391,0,4,1,14,9,10,8
Kai Kisand,7075,Kisand; Kai,57204495316,2,Estonia,69,MEDI (53); BIOC (49); IMMU (37),Kai Kisand,850054973874479105,kai_kisand,3,46,10,0,2017-04-06 18:37:53+00:00,5,28,361,69,2912,42.20289855072464,0,7,1,12,2,5,1
Raivo Kolde,6944,Kolde; Raivo,26534411200,1,Estonia,45,BIOC (52); MEDI (22); IMMU (12),Raivo Kolde,630474317,rkolde_rk,36,263,71,200,2012-07-08 19:51:59+00:00,10,14,308,45,3383,75.17777777777778,0,8,1,10,4,2,3
Natalia Pervjakova,6682,Pervjakova; Natalia,56768130300,1,Estonia,29,BIOC (24); MEDI (13); MULT (5),Natalia Pervjakova,975074431038054401,NPervjakova,0,10,10,1,2018-03-17 18:20:35+00:00,4,7,1115,29,4641,160.0344827586207,0,9,1,9,1,0,0
Anto Aasa,6668,Aasa; Anto,6507959138,1,Estonia,34,ENVI (22); SOCI (18); COMP (12),Anto Aasa,113729499,antoaasa,52,70,125,221,2010-02-12 21:03:04+00:00,12,22,151,34,3884,114.23529411764706,0,5,1,5,2,0,1
Kristiina Tambets,6445,Tambets; Kristiina,8790150900,1,Estonia,37,BIOC (40); AGRI (18); MEDI (15),Kristiina Tambets,1058416542348726272,ktambets,54,154,192,203,2018-11-02 17:52:22+00:00,4,21,601,37,3624,97.94594594594595,0,6,1,7,1,1,0
Aveliina Helm,5589,Helm; Aveliina,7003879609,1,Estonia,60,ENVI (64); AGRI (54); SOCI (4),Aveliina Helm,47301097,aveliina,1667,1130,1135,4047,2009-06-15 09:48:33+00:00,13,18,631,60,3709,61.81666666666667,0,6,1,11,4,5,3
Hedi Peterson,5476,Peterson; Hedi,18134080900,1,Estonia,38,BIOC (40); MEDI (10); COMP (7),Hedi Peterson,2174342689,hedipeterson,464,144,210,1578,2013-11-04 16:26:00+00:00,9,15,386,38,3573,94.02631578947368,0,7,1,8,1,1,0
Sten Anslan,5278,Anslan; Sten,56436602200,1,Estonia,51,AGRI (60); ENVI (17); BIOC (17),Sten Anslan,1014384738449133568,AnslanSten,33,104,100,54,2018-07-04 05:45:42+00:00,4,8,351,52,3982,76.57692307692308,0,6,1,7,1,1,0
Tiit Teder,4993,Teder; Tiit,55882843000,1,Czech Republic,53,AGRI (55); ENVI (33); BIOC (4),Tiit Teder,1497599281859117056,TederTiit,0,0,0,0,2022-02-26 15:48:01+00:00,0,24,310,53,3385,63.867924528301884,0,4,1,6,2,2,1
Elmo Tempel,4825,Tempel; Elmo,23991710200,1,Estonia,123,PHYS (123); EART (104); ENGI (2),Elmo Tempel,71835394,etempel,1,2,0,0,2009-09-05 16:20:15+00:00,13,16,363,123,3073,24.983739837398375,0,7,1,9,3,2,2
Urmo V√µsa,4317,V√µsa; Urmo,42462595300,1,Estonia,38,BIOC (35); MEDI (22); NEUR (4),Urmo V√µsa,38418877,Urmo1,23,102,55,22,2009-05-07 12:16:11+00:00,13,11,817,39,3005,77.05128205128206,0,7,1,10,1,3,0
Niilo Kaldalu,4281,Kaldalu; Niilo,6506621525,1,Estonia,27,IMMU (27); BIOC (20); MEDI (7),Niilo Kaldalu,1321886491484835843,NKaldalu,8,27,12,269,2020-10-29 18:48:26+00:00,2,26,59,27,2734,101.25925925925925,0,6,1,6,3,0,2
Jarek M√§estu,4218,M√§estu; Jarek,6602774183,1,Estonia,108,MEDI (131); HEAL (46); BIOC (30),Jarek M√§estu,1503819559442305027,JarekMaestu,2,11,2,1,2022-03-15 19:45:25+00:00,0,23,141,108,2364,21.88888888888889,0,5,1,6,2,1,1
Tiit Tammaru,4165,Tammaru; Tiit,7004367749,2,Estonia,81,SOCI (103); ECON (18); BUSI (13),Tiit Tammaru,1064449971938885632,TiitTammaru,106,284,330,420,2018-11-19 09:27:04+00:00,4,23,68,81,1935,23.88888888888889,0,6,1,14,9,8,8
Priit Adler,4157,Adler; Priit,23501370800,1,Estonia,19,BIOC (26); COMP (9); MATH (6),Priit Adler,3021580642,adlerpriit,16,28,25,6,2015-02-06 14:37:06+00:00,7,14,146,19,2749,144.68421052631578,0,7,1,7,2,0,1
Raivo M√§nd,3931,M√§nd; Raivo,6603777717,1,Estonia,87,AGRI (96); ENVI (36); BIOC (22),Raivo M√§nd,979010138764914694,RaivoMand,0,1,4,10,2018-03-28 14:59:41+00:00,4,27,353,87,2734,31.42528735632184,0,5,1,8,2,3,1
Tarmo Annilo,3210,Annilo; Tarmo,6603659613,1,Estonia,35,BIOC (44); MEDI (18); AGRI (5),Tarmo Annilo,2208687318,AnniloTarmo,1,13,3,0,2013-11-22 09:41:30+00:00,9,27,175,35,2168,61.94285714285714,0,8,1,9,4,1,3
Peeter Saari,3071,Saari; Peeter,7004165881,1,Estonia,99,PHYS (117); ENGI (25); MATE (21),Peeter Saari,2618095830,PambuPeedu,2,30,8,0,2014-07-11 19:29:33+00:00,8,53,47,99,2099,21.2020202020202,0,5,1,9,7,4,6
Alena Kushniarevich,3039,Kushniarevich; Alena I.,55203611900,1,Estonia,28,BIOC (26); MEDI (15); AGRI (14),Alena Kushniarevich,847767979903393794,AKushniarevich,14,65,18,42,2017-03-31 11:10:12+00:00,5,10,526,28,1672,59.714285714285715,0,6,1,6,1,0,0
Liis Kolberg,2981,Kolberg; Liis,57188832697,1,Estonia,10,BIOC (11); MEDI (6); IMMU (3),Liis Kolberg,930110913755131904,liiskolb,25,27,49,33,2017-11-13 16:31:37+00:00,5,6,55,10,1892,189.2,0,4,1,4,1,0,0
Neeme T√µnisson,2844,T√µnisson; Neeme,6506585453,1,Estonia,39,BIOC (33); MEDI (33); AGRI (3),Neeme Tonisson,1036879362845495296,NTonisson,11,43,24,52,2018-09-04 07:31:19+00:00,4,22,342,39,1889,48.43589743589744,0,8,1,9,2,1,1
Mart Kals,2830,Kals; Mart,12751975000,1,Finland,63,MEDI (60); BIOC (31); COMP (5),Mart Kals,850415708924260353,mart_kals,2,127,5,18,2017-04-07 18:31:19+00:00,5,16,720,63,1831,29.063492063492063,0,8,1,11,3,3,2
Georgi Hudjashov,2685,Hudjashov; Georgi,8937651700,1,New Zealand,26,BIOC (31); MEDI (12); AGRI (10),georgi hudjashov,4553524273,eela_killa,0,24,9,0,2015-12-14 04:53:30+00:00,7,18,247,26,1593,61.26923076923077,0,5,1,5,1,0,0
Marika Truu,2504,Truu; Marika,23393607900,1,Estonia,53,ENVI (87); AGRI (25); IMMU (11),Marika Truu,1091703168,MarikaTruu,0,13,5,0,2013-01-15 10:54:13+00:00,9,25,122,53,1860,35.094339622641506,0,6,1,7,1,1,0
Urmas Varblane,2441,Varblane; Urmas,6506825236,1,Estonia,45,BUSI (64); ECON (24); SOCI (16),urmas varblane,1497116045991194632,UrmasVa,0,1,0,3,2022-02-25 07:48:12+00:00,0,22,50,45,430,9.555555555555555,0,8,1,16,16,8,15
Veronika Kalmus,2433,Kalmus; Veronika,6508298854,1,Estonia,40,SOCI (49); ARTS (8); PSYC (6),Veronika Kalmus,839102070946922497,VeronikaKalmus,0,0,12,0,2017-03-07 13:14:58+00:00,5,19,39,40,474,11.85,0,5,1,11,10,6,9
Siiri Silm,2287,Silm; Siiri,8523564400,1,Estonia,30,SOCI (30); ENVI (7); EART (7),Siiri Silm,1301617610266685440,SiiriSilm,67,104,114,122,2020-09-03 20:26:52+00:00,2,17,36,30,1189,39.63333333333333,0,5,1,5,1,0,0
Inga Hiiesalu,2264,Hiiesalu; Inga,36160160100,1,Estonia,35,AGRI (37); ENVI (20); BIOC (9),Inga Hiiesalu,1385127847807881218,IHiiesalu,54,98,87,177,2021-04-22 07:06:47+00:00,1,12,343,35,1618,46.22857142857143,0,6,1,7,3,1,2
Taavi Lehto,2254,Lehto; Taavi,34978711600,1,Sweden,35,BIOC (30); PHAR (16); MEDI (10),Taavi L.,1009083361141383169,LehtoTaavi,0,55,0,5,2018-06-19 14:39:55+00:00,4,13,170,35,1606,45.885714285714286,0,5,1,6,1,1,0
Sander Mirme,2191,Mirme; Sander,8663601100,1,Estonia,28,EART (24); ENVI (18); AGRI (5),Sander Mirme,1360933051371511809,SanderMirme,0,32,0,6,2021-02-14 12:46:10+00:00,1,18,239,28,1502,53.642857142857146,0,3,1,4,2,1,1
Jaan Masso,2135,Masso; Jaan,24464299000,1,Estonia,48,BUSI (36); ECON (34); SOCI (22),Jaan Masso,3234084643,jaanmasso,0,32,7,2,2015-06-02 19:38:52+00:00,7,18,33,48,440,9.166666666666666,0,6,1,12,9,6,8
Volli Kalm,2122,Kalm; Volli E.,6602726063,1,Estonia,80,EART (92); ENVI (25); AGRI (15),Volli Kalm,822519607412084738,VolliKalm,1,39,4,3,2017-01-20 19:02:10+00:00,5,27,123,80,1429,17.8625,0,5,1,12,7,7,6
Vallo Volke,2046,Volke; Vallo,6701692615,1,Estonia,49,MEDI (35); NEUR (32); BIOC (30),vallo.volke@ut.ee,1493910848900943875,ValloVolke,0,3,0,0,2022-02-16 11:31:44+00:00,0,29,91,49,1485,30.306122448979593,0,5,1,7,3,2,2
Mario M√§eots,2029,M√§eots; Mario,24824932800,1,Estonia,16,COMP (16); SOCI (13); MATH (4),Mario M√§eots,2213722483,MarioMeots,91,1,4,0,2013-11-25 07:38:51+00:00,9,14,25,16,681,42.5625,0,3,1,4,2,1,1
Heisi Kurig,2008,Kurig; Heisi,16239073200,1,Estonia,52,CHEM (37); MATE (29); ENGI (24),Heisi Kurig,2728165876,HeisiKurig,1104,418,64,5529,2014-07-29 13:17:38+00:00,8,16,104,52,1540,29.615384615384617,0,3,1,5,4,2,3
Leo Siiman,1946,Siiman; Leo,12759680100,1,Estonia,31,PHYS (18); COMP (15); MATH (8),Leo Siiman,3525978321,leosiiman,2,0,2,0,2015-09-02 18:48:58+00:00,7,17,37,31,743,23.967741935483872,0,4,1,6,4,2,3
Kaido Kurrikoff,1927,Kurrikoff; Kaido,6507809944,1,Estonia,42,BIOC (27); PHAR (25); NEUR (14),Kaido Kurrikoff,563461888,KaidoKurrikoff,0,95,7,0,2012-04-26 05:15:41+00:00,10,19,108,42,1408,33.523809523809526,0,4,1,5,3,1,2
Robert Krimmer,1893,Krimmer; Robert,56117481500,1,Estonia,81,COMP (103); SOCI (33); MATH (29),Robert Krimmer,214585126,robertkrimmer,1232,1112,1552,1664,2010-11-11 19:10:12+00:00,12,19,107,81,526,6.493827160493828,0,7,1,17,15,10,14
Marina Grishakova,1862,Grishakova; Marina,25641163000,1,Estonia,21,ARTS (20); SOCI (7),Marina,1017402025414258689,grishakova_m,11,1,0,1,2018-07-12 13:35:20+00:00,4,14,8,21,209,9.952380952380953,0,3,1,6,6,3,5
Arnold Kristjuhan,1860,Kristjuhan; Arnold,6602240932,1,Estonia,27,BIOC (50); CHEM (8); MULT (4),Arnold Kristjuhan,784310265286316033,hallvares1969,0,0,0,0,2016-10-07 08:31:53+00:00,6,27,56,27,1151,42.629629629629626,0,4,1,5,2,1,1
Kati Orru,1827,Orru; Kati,36103097700,1,Estonia,32,ENVI (20); SOCI (19); EART (9),Kati Orru,919846055847579649,kati_orru,0,0,1,0,2017-10-16 08:42:44+00:00,5,16,135,32,1086,33.9375,0,5,1,10,8,5,7
Triin Laisk,1794,Laisk-Podar; Triin,57194485504,1,Estonia,40,MEDI (33); BIOC (30); MULT (6),Triin Laisk,1001551804969123840,TLaisk,52,69,138,268,2018-05-29 19:52:13+00:00,4,15,624,41,4432,108.09756097560975,0,7,1,7,2,0,1
Kadri Koorem,1778,Koorem; Kadri,36337585600,1,Estonia,31,AGRI (29); ENVI (22); BIOC (8),Kadri Koorem,1229844465898094592,KKoorem,130,329,296,1143,2020-02-18 19:05:55+00:00,2,12,209,31,1248,40.25806451612903,0,4,1,6,4,2,3
Kristi L√§ll,1763,L√§ll; Kristi,56572532400,1,Estonia,18,MEDI (16); BIOC (11); PHYS (2),Kristi L√§ll,1055069325256769536,KristiLall,2,48,44,15,2018-10-24 12:11:44+00:00,4,7,595,18,1114,61.888888888888886,0,7,1,8,1,1,0
Lauri Saks,1693,Saks; Lauri,15125073600,1,Estonia,50,AGRI (58); ENVI (29); BIOC (16),Lauri Saks,1501998437386096644,LauriSaks,0,0,0,0,2022-03-10 19:08:56+00:00,0,20,120,50,1202,24.04,0,5,1,6,1,1,0
Anneli Kaasa,1688,Kaasa; Anneli,22234063000,1,Estonia,26,SOCI (20); BUSI (17); ECON (13),Anneli Kaasa,56193643,akaasa,0,0,0,0,2009-07-12 21:17:26+00:00,13,16,11,26,516,19.846153846153847,0,3,1,5,5,2,4
Valter Lang,1561,Lang; Valter,7006609265,1,Estonia,19,ARTS (17); SOCI (15); AGRI (2),Valter Lang,111023926,Vallu93,142,99,35,39,2010-02-03 15:12:02+00:00,12,19,44,19,132,6.947368421052632,0,2,1,4,2,2,1
Piret Luik,1540,Luik; Piret,8362309800,1,Estonia,54,SOCI (52); COMP (32); PSYC (17),Piret Luik,127904540,PiretMG,0,0,0,0,2010-03-30 15:45:55+00:00,12,19,47,54,704,13.037037037037036,0,3,1,8,7,5,6
Karin Kogermann,1522,Kogermann; Karin,15062980300,1,Estonia,53,PHAR (51); CHEM (16); BIOC (10),Karin Kogermann,1216614069618298880,kogermann,3,4,9,0,2020-01-13 06:53:09+00:00,2,15,145,53,1152,21.735849056603772,0,7,1,9,5,2,4
Juhan Sedman,1481,Sedman; Juhan,7003417618,1,Estonia,27,BIOC (47); IMMU (6); AGRI (2),Juhan Sedman,1110646254952943616,JuhanSedman,0,0,0,18,2019-03-26 20:54:36+00:00,3,41,58,27,927,34.333333333333336,0,6,1,7,5,1,4
Margit K√µiv-Vainik,1472,K√µiv-Vainik; Margit,57190619393,2,Estonia,16,ENVI (45); ENGI (2); CHEM (1),margit.koiv-vainik,1045387109828374528,KoivVainik,0,27,17,4,2018-09-27 18:58:04+00:00,4,16,32,16,1012,63.25,0,3,1,4,2,1,1
Pille Hallast,1454,Hallast; Pille,8966025000,1,Estonia,29,BIOC (32); MEDI (20); AGRI (5),Pille Hallast,297767366,pille_hallast,34,235,161,122,2011-05-13 02:30:48+00:00,11,17,193,29,925,31.896551724137932,0,7,1,6,2,-1,1
Asko Uri,1431,Uri; Asko,6603720269,1,Estonia,67,BIOC (131); CHEM (47); PHAR (40),Asko Uri,916224260049395712,askouri10,0,0,0,0,2017-10-06 08:51:00+00:00,5,28,172,67,1025,15.298507462686567,0,8,1,9,4,1,3
Alfonso T. Garcia-Sosa,1407,Garc√≠a-Sosa; Alfonso T.,22953501800,1,Estonia,52,CHEM (66); BIOC (47); PHAR (34),Dr Alfonso T. Garc√≠a-Sosa,498789296,ATGarciaSosa,139,989,1070,176,2012-02-21 12:31:27+00:00,10,22,491,52,1066,20.5,0,7,1,14,11,7,10
Margus Varjak,1382,Varjak; Margus,35724822500,1,United Kingdom,30,IMMU (38); BIOC (16); MEDI (14),Margus Varjak,730185715,margusvarjak,395,279,186,2735,2012-08-01 07:18:43+00:00,10,12,248,30,998,33.266666666666666,0,5,1,5,1,0,0
Epp Lauk,1334,Lauk; Epp,35753744600,1,Lithuania,23,SOCI (20); ARTS (9); COMP (1),Epp Lauk,605406777,LaukEpp,21,45,64,1,2012-06-11 11:03:12+00:00,10,26,43,23,166,7.217391304347826,0,2,1,9,9,7,8
Laur J√§rv,1316,J√§rv; Laur,8660126500,1,Estonia,52,PHYS (59); MATH (4); MULT (1),Laur J√§rv,1496941452248719360,LaurJarv,0,31,0,0,2022-02-24 20:14:24+00:00,0,22,32,53,923,17.41509433962264,0,4,1,8,6,4,5
Kuldar Taveter,1295,Taveter; Kuldar,16234717100,1,Estonia,64,COMP (83); ENGI (15); MATH (12),Kuldar Taveter,200919435,TheArtOfAOM,4,0,24,0,2010-10-10 16:45:43+00:00,12,26,162,64,393,6.140625,0,5,1,19,17,14,16
Ene Reimann,1261,Reimann; Ene,25653169900,1,Estonia,59,BIOC (47); MEDI (36); AGRI (7),Ene Reimann,1168574651645214720,EneReimann,0,50,1,2,2019-09-02 17:21:55+00:00,3,14,359,59,827,14.016949152542374,0,3,2,4,3,1,1
Ergo Rikmann,1259,Rikmann; Ergo,45461393500,1,Estonia,34,ENVI (66); ENGI (8); CENG (5),Ergo Rikmann,1485648798143627272,ErgoRikmann,0,1,0,0,2022-01-24 16:22:09+00:00,0,21,49,34,1120,32.94117647058823,0,4,1,5,2,1,1
Sulev Reisberg,1245,Reisberg; Sulev,57191443976,1,Estonia,7,BIOC (6); MEDI (6); AGRI (3),Sulev Reisberg,71472279,sulevreisberg,1420,262,148,1147,2009-09-04 06:30:05+00:00,13,6,50,7,829,118.42857142857143,0,2,1,2,1,0,0
Antti Tamm,1183,Tamm; Antti,25030576400,1,Estonia,34,PHYS (30); EART (27); MULT (1),Antti Tamm,1124219513929654272,AnttiTamm,0,1,4,0,2019-05-03 07:49:53+00:00,3,21,228,34,825,24.264705882352942,0,3,1,3,1,0,0
Indrek J√µgi,1168,J√µgi; Indrek,12139875500,1,Estonia,66,PHYS (76); MATE (54); CHEM (19),Indrek J√µgi,1454131859676348421,IndrekJogi,1,250,11,9,2021-10-29 17:04:06+00:00,1,18,243,67,955,14.253731343283581,0,3,1,6,3,3,2
Friedrich Kaasik,1118,Kaasik; Friedrich,36102508400,1,Estonia,32,MATE (36); ENGI (24); PHYS (22),Friedrich Kaasik,1496186830382845965,FriedrichKaasik,0,1,0,0,2022-02-22 18:15:46+00:00,0,12,68,32,924,28.875,0,4,1,3,1,-1,0
Uku Vainik,1116,Vainik; Uku,55596973000,1,Canada,29,MEDI (18); PSYC (16); NURS (9),Uku Vainik,39228990,ukuv,2500,1456,813,14050,2009-05-11 10:44:46+00:00,13,9,84,29,705,24.310344827586206,0,7,1,10,6,3,5
Kaur Alasoo,1095,Alasoo; Kaur,56644920600,1,United Kingdom,14,BIOC (14); MEDI (5); IMMU (4),Kaur Alasoo,34383383,kauralasoo,1861,463,671,4551,2009-04-22 20:16:15+00:00,13,7,125,14,662,47.285714285714285,0,5,1,7,5,2,4
Jaanus Remm,1075,Remm; Jaanus,10640157700,1,,24,AGRI (23); ENVI (13); MEDI (8),Jaanus Remm,2703572617,jaanusremm,0,17,1,0,2014-08-03 07:51:17+00:00,8,17,113,24,712,29.666666666666668,0,5,1,9,7,4,6
Reidar Andreson,1048,Andreson; Reidar,8516126500,1,Estonia,17,BIOC (21); MEDI (7); COMP (4),Reidar Andreson,390137490,reidar_a,0,14,6,1,2011-10-13 14:31:22+00:00,11,17,87,17,590,34.705882352941174,0,7,1,7,3,0,2
Sergei Vlassov,1018,Vlassov; Sergei,35093364200,1,Estonia,63,MATE (55); PHYS (48); ENGI (40),Sergei Vlassov,1518276712194359298,Doktorivorst,0,6,0,1,2022-04-24 17:12:50+00:00,0,15,141,63,660,10.476190476190476,0,6,1,6,1,0,0
Tavo Romann,1006,Romann; Tavo,15769815200,1,Estonia,65,CHEM (57); MATE (40); CENG (23),Tavo Romann,425044029,chemicum,50,0,2,0,2011-11-30 13:50:13+00:00,11,15,122,65,788,12.123076923076923,0,8,1,10,3,2,2
Andres Arend,953,Arend; Andres,6603638324,1,Estonia,58,MEDI (46); BIOC (20); AGRI (12),Andres arend's,703107861,Okhjsdxzk,2,1,0,0,2013-10-06 20:55:36+00:00,9,24,128,58,574,9.89655172413793,0,8,1,8,1,0,0
Alexei Sherman,952,Sherman; A.,7201764047,1,Estonia,125,PHYS (141); MATE (61); MATH (9),Alexei Sherman,1498585787457224709,AlexeiSherman,0,0,0,0,2022-03-01 09:08:20+00:00,0,44,23,126,822,6.523809523809524,0,4,1,6,4,2,3
Kaido Soosaar,946,Soosaar; Kaido,8639613600,1,Estonia,39,ENVI (57); AGRI (22); BIOC (5),Kaido Soosaar,1487706326847442944,KaidoSoosaar,0,0,0,0,2022-01-30 08:37:07+00:00,0,17,172,40,634,15.85,0,6,1,7,1,1,0
Kristjan Oopkaup,936,Oopkaup; Kristjan,55365251800,1,Estonia,19,ENVI (34); IMMU (4); BIOC (4),Kristjan,79504867,oopkaup,234,63,16,1,2009-10-03 16:32:56+00:00,13,10,62,19,737,38.78947368421053,0,4,1,4,1,0,0
Erko Jakobson,926,Jakobson; Erko,23489164900,1,Estonia,21,EART (19); ENVI (7); CHEM (3),Erko Jakobson,1503977319488233474,ErkoJakobson,0,1,0,0,2022-03-16 06:12:04+00:00,0,23,132,21,712,33.904761904761905,0,6,1,8,6,2,5
Indrek Tallo,918,Tallo; Indrek,41762701300,1,Estonia,50,MATE (47); CHEM (40); ENGI (20),Indrek,609433138,IndrekTallo,1,1,1,0,2012-06-15 21:01:19+00:00,10,11,73,50,720,14.4,0,5,1,4,1,-1,0
Marje Oona,910,Oona; Marje,6603012969,1,Estonia,26,MEDI (31); IMMU (7); SOCI (4),Marje,2794109507,MarjeOona,1272,52,29,25434,2014-09-30 09:46:08+00:00,8,25,105,26,448,17.23076923076923,0,5,1,6,2,1,1
Tambet Matiisen,899,Matiisen; Tambet,57193824327,1,Estonia,6,COMP (11); BIOC (3); NEUR (3),Tambet Matiisen,16217909,tambetm,218,285,208,976,2008-09-10 07:22:31+00:00,14,5,17,6,302,50.333333333333336,0,3,1,4,2,1,1
Aneta Wojnar,890,Wojnar; Aneta,56494778200,1,Estonia,31,PHYS (31); ENGI (8); MULT (1),Aneta Wojnar,1503746157712924674,WojnarAneta,0,0,0,0,2022-03-15 14:53:37+00:00,0,8,124,31,665,21.451612903225808,0,2,2,10,10,8,8
Garri Raagmaa,849,Raagmaa; Garri,6506823172,1,Estonia,18,SOCI (16); BUSI (3); ECON (3),Garri Raagmaa,2954514617,GarriRaagmaa,1,25,22,0,2015-01-01 09:14:42+00:00,7,26,20,18,245,13.61111111111111,0,4,1,12,12,8,11
Andres V√µrk,802,V√µrk; Andres,57204729034,1,Estonia,3,SOCI (4); COMP (1); ECON (1),Andres V√µrk,163923737,andresvork,0,20,6,12,2010-07-07 16:18:25+00:00,12,3,19,3,17,5.666666666666667,0,2,1,3,3,1,2
Karin Naruskov,796,Naruskov; Karin,55360488600,1,Estonia,7,PSYC (6); COMP (3); SOCI (2),Karin Naruskov,105855760,karyn296,0,0,3,0,2010-01-17 18:34:03+00:00,12,10,19,7,429,61.285714285714285,0,3,1,3,1,0,0
Arvi J√µers,780,J√µers; Arvi,6507324917,1,Estonia,13,BIOC (14); IMMU (6); MEDI (3),Arvi J√µers,604725438,ArviJoers,193,71,29,1368,2012-06-10 16:28:34+00:00,10,24,28,13,485,37.30769230769231,0,4,1,4,3,0,2
daisy volmer,761,Volmer; Daisy,16064897600,1,Estonia,30,PHAR (24); MEDI (16); HEAL (9),Daisy Volmer,1934790571,Giulianofi2r,0,6,0,0,2013-10-04 16:30:35+00:00,9,19,91,32,318,9.9375,0,7,1,8,2,1,1
J√ºrgen Innos,749,Innos; J√ºrgen,8844225300,1,Estonia,34,NEUR (26); BIOC (15); PHAR (10),J√ºrgen Innos,1503145777241235463,JurgenInnos,0,1,0,0,2022-03-13 23:07:57+00:00,0,18,94,34,549,16.147058823529413,0,5,1,5,1,0,0
Velle Toll,744,Toll; Velle,56462887500,1,Estonia,17,EART (20); MATH (3); ENVI (3),Velle Toll,120474573,VelleToll,0,4,4,0,2010-03-06 14:58:08+00:00,12,8,90,17,508,29.88235294117647,0,4,1,4,1,0,0
Amar Annus,735,Annus; Amar,38760969500,1,Estonia,5,ARTS (5); SOCI (3); NURS (1),Amar Annus,1302888050763141120,AmarAnnus,0,0,2,0,2020-09-07 08:35:08+00:00,2,12,1,5,17,3.4,0,1,1,1,1,0,0
Andero Uusberg,717,Uusberg; Andero,55043178700,2,United States,33,PSYC (32); NEUR (16); COMP (10),Andero Uusberg,151850661,anderouusberg,203,443,251,3218,2010-06-04 12:05:32+00:00,12,10,162,34,316,9.294117647058824,0,2,1,5,4,3,3
Lumme Kadaja,714,Kadaja; Lumme,6508324826,1,Estonia,16,BIOC (32); MEDI (4); PHAR (1),Lumme Kadaja,341568850,lummeka,1,1,0,1,2011-07-24 15:47:22+00:00,11,26,75,16,493,30.8125,0,4,1,5,1,1,0
Marko Prous,702,Prous; Marko,36061437100,1,Germany,28,AGRI (50); BIOC (5); ENVI (2),Marko Prous,3037177150,mprous1,719,150,60,1422,2015-02-14 16:43:12+00:00,7,12,53,28,358,12.785714285714286,0,3,1,6,5,3,4
Triin Jagom√§gi,694,Jagomagi; Triin,23473158100,1,Estonia,30,MEDI (21); DENT (12); ARTS (3),Triin Jagom√§gi,75532119,triinja,0,0,1,0,2009-09-19 11:42:52+00:00,13,16,111,30,337,11.233333333333333,0,4,1,6,3,2,2
Andreas Kyritsakis,686,Kyritsakis; Andreas,36349269000,1,Estonia,43,PHYS (43); MATE (30); ENGI (26),Andreas Kyritsakis,1271103854394904577,AKyritsakis,2,40,6,11,2020-06-11 15:36:23+00:00,2,12,72,44,359,8.159090909090908,0,6,1,6,2,0,1
√úlo Valk,680,Valk; √úlo,7801663213,1,Estonia,16,ARTS (19); SOCI (16),√úlo Valk,1457735971001159682,UloValk,0,2,2,0,2021-11-08 15:45:48+00:00,1,24,3,17,119,7.0,0,1,1,3,3,2,2
Aave Hannus,679,Hannus; Aave,7801320129,1,Estonia,15,MEDI (13); PSYC (9); HEAL (3),Aave Hannus,75370782,aavehannus,5,20,23,0,2009-09-18 20:00:49+00:00,13,23,27,15,327,21.8,0,3,1,5,4,2,3
Indrek Must,670,Must; Indrek,34771567300,1,Estonia,31,MATE (32); ENGI (27); PHYS (24),Indrek Must,3369633292,indrekmust,9,46,11,10,2015-07-10 18:19:57+00:00,7,13,69,31,525,16.93548387096774,0,4,1,6,4,2,3
Kadri Muischnek,643,Muischnek; Kadri,29067955200,1,Estonia,26,SOCI (35); ARTS (19); COMP (12),Kadri Muischnek,857749650,KadriMuischnek,0,5,2,0,2012-10-02 09:22:50+00:00,10,20,29,26,91,3.5,0,4,1,6,4,2,3
Fredrik Milani,621,Milani; Fredrik,55320178900,1,Estonia,23,COMP (27); BUSI (22); MATH (13),Fredrik Milani,1090509541924581376,FredrikMilani,17,37,38,62,2019-01-30 07:18:30+00:00,3,10,30,24,280,11.666666666666666,0,5,1,7,6,2,5
Andres Kuusik,595,Kuusik; Andres,25960966100,1,Estonia,9,BUSI (25); ECON (2); COMP (2),Andres Kuusik,954797119,AndresKuusik,0,0,0,0,2012-11-18 03:52:14+00:00,10,13,12,9,101,11.222222222222221,0,3,1,3,1,0,0
P√§rtel Lippus,590,Lippus; P√§rtel,35088444400,1,Estonia,31,SOCI (30); ARTS (29); COMP (6),P√§rtel Lippus,802858557267968000,PLippus,48,54,32,716,2016-11-27 12:56:11+00:00,6,16,54,31,136,4.387096774193548,0,3,1,8,7,5,6
Hanno Evard,586,Evard; Hanno,56527375600,1,Estonia,9,CHEM (10); ENGI (6); BIOC (5),Hanno Evard,603554318,HannoEvard,5,46,14,0,2012-06-09 12:27:34+00:00,10,7,23,9,419,46.55555555555556,0,4,1,4,2,0,1
Mario Saare,582,Saare; Mario,23390125600,1,Estonia,15,BIOC (21); IMMU (6); MEDI (5),Mario Saare,1492128707061895168,MarioSaare,0,5,1,0,2022-02-11 13:30:02+00:00,0,17,83,15,451,30.066666666666666,0,7,1,6,1,-1,0
Radko Avi,572,Avi; Radko,26640967200,1,Estonia,25,MEDI (33); IMMU (19); BIOC (11),Radko,66327846,RadkoAvi,0,19,7,0,2009-08-17 10:44:31+00:00,13,13,216,25,362,14.48,0,3,1,3,1,0,0
Margit Sutrop,561,Sutrop; Margit,6507900933,1,Estonia,24,SOCI (19); ARTS (12); MEDI (7),Margit Sutrop,1501144536327802883,MSutrop,0,0,0,0,2022-03-08 10:35:59+00:00,0,20,28,24,163,6.791666666666667,0,2,1,5,5,3,4
Hanna H√µrak,545,H√µrak; Hanna,54681845200,1,United States,27,AGRI (27); BIOC (13); MEDI (2),Hanna H√µrak,890488529561714688,hanna_horak,204,405,264,1735,2017-07-27 08:26:24+00:00,5,10,174,27,406,15.037037037037036,0,3,1,4,2,1,1
Merike Kull,513,Kull; Merike,6603938711,1,Estonia,25,MEDI (22); HEAL (7); SOCI (5),Merike Kull,1453044771912626188,MerikeKull,0,10,0,0,2021-10-26 17:04:15+00:00,1,20,41,25,288,11.52,0,3,1,6,3,3,2
Kadri Ukrainski,499,Ukrainski; Kadri,23989380400,1,Estonia,18,SOCI (13); ECON (8); BUSI (6),Kadri Ukrainski,872455915005521920,UkrainskiKadri,1,2,1,0,2017-06-07 14:11:14+00:00,5,22,35,18,157,8.722222222222221,0,3,1,8,7,5,6
Kaili M√º√ºrisep,493,M√º√ºrisep; Kaili,25121853800,1,Estonia,10,SOCI (9); COMP (6); ARTS (5),Kaili M√º√ºrisep,1503429777398681605,myyrisepp,0,1,0,0,2022-03-14 17:56:35+00:00,0,14,10,10,24,2.4,0,2,1,3,2,1,1
Mariliis Vaht,487,Vaht; Mariliis,55243019200,1,Estonia,31,MEDI (27); NEUR (22); PSYC (8),Mariliis Vaht,1109838676010455041,cyanmarb,1,16,0,6,2019-03-24 15:25:34+00:00,3,9,58,31,283,9.129032258064516,0,5,1,5,1,0,0
Anna Aljanaki,471,Aljanaki; Anna,56410808700,1,Estonia,15,COMP (21); ARTS (3); ENGI (2),Anna Aljanaki,1263084879014658049,AAljanaki,0,7,7,0,2020-05-20 12:31:26+00:00,2,9,9,15,225,15.0,0,2,1,2,1,0,0
Lauri Vares,467,Vares; Lauri,6603322135,1,Estonia,32,CHEM (31); CENG (15); MATE (13),Lauri Vares,1498661744612417537,LauriVares,0,0,0,0,2022-03-01 14:09:55+00:00,0,27,90,32,387,12.09375,0,5,1,9,4,4,3
Anna Aret,460,Aret; A.,6506071465,1,Estonia,19,PHYS (17); EART (12); ENGI (3),Alex Anna Maria,2323202364,Aret0usa,0,44,12,1,2014-02-02 05:09:17+00:00,8,20,41,19,182,9.578947368421053,0,4,1,5,2,1,1
Anne Reino,457,Reino; Anne,52564095000,1,Estonia,13,BUSI (18); SOCI (7); MEDI (2),Anne ‚ô° juliano cara de broa,923346557214384128,reino_de_jazz,52,1,35,142,2017-10-26 00:32:28+00:00,5,11,19,13,68,5.230769230769231,0,3,1,6,5,3,4
Ester Oras,455,Oras; Ester,36661126200,1,Estonia,31,SOCI (29); ARTS (21); MULT (3),Ester Oras,3069444765,EsterOras,2,12,38,0,2015-03-04 08:41:18+00:00,7,12,124,32,199,6.21875,0,6,1,8,3,2,2
Ulrich Norbisrath,454,Norbisrath; Ulrich,8293947600,1,Estonia,16,COMP (24); ENGI (4); MATH (4),Ulrich Norbisrath,30222360,ulno,80,13,18,0,2009-04-10 14:11:56+00:00,13,21,26,16,105,6.5625,0,3,1,8,7,5,6
Villu Soon,451,Soon; Villu,36171199800,1,Estonia,19,AGRI (30); BIOC (6); ENVI (1),Villu Soon,1428808135,villusoon,31,6,6,1,2013-05-14 20:38:21+00:00,9,12,52,19,201,10.578947368421053,0,3,1,7,5,4,4
Dmytro Fishman,448,Fishman; Dmytro,57194789349,1,Estonia,14,BIOC (18); MEDI (7); COMP (6),Dmytro Fishman,2353316568,DmytroFishman,49,113,77,462,2014-02-20 14:24:07+00:00,8,6,105,14,278,19.857142857142858,0,3,1,6,5,3,4
Peeter Piksarv,436,Piksarv; Peeter,30567638600,1,Estonia,35,PHYS (39); ENGI (15); MATE (10),Peeter Piksarv,764549762200764416,PeeterPi,0,4,2,0,2016-08-13 19:50:42+00:00,6,14,28,35,334,9.542857142857143,0,4,1,5,4,1,3
Kadri Runnel,417,Runnel; Kadri,55568070000,1,Estonia,26,AGRI (33); ENVI (23); BIOC (6),Kadri Runnel,1465771716781789201,KadriRunnel,7,42,10,105,2021-11-30 19:56:57+00:00,1,9,245,26,315,12.115384615384615,0,3,1,4,1,1,0
Henri Tilga,410,Tilga; Henri,57195321192,1,Estonia,20,MEDI (12); ENVI (12); SOCI (8),Henri Tilga,1015731190014373889,HTilga,52,86,54,25,2018-07-07 22:56:01+00:00,4,5,18,20,176,8.8,0,4,1,4,4,0,3
Eele √ïunapuu-Pikas,404,?unapuu-Pikas; Eele,25226343600,1,Estonia,13,AGRI (17); BIOC (11); CHEM (4),Eele √ïunapuu-Pikas,1155888646509252608,EelePikas,1,9,0,0,2019-07-29 17:11:43+00:00,3,14,25,14,324,23.142857142857142,0,2,1,3,2,1,1
Enrico Tordoni,386,Tordoni; Enrico,56915972100,1,Estonia,38,ENVI (51); AGRI (38); EART (4),Enrico Tordoni,1286506148317859841,ETordoni,29,154,101,166,2020-07-24 03:39:18+00:00,2,7,211,38,317,8.342105263157896,0,7,1,9,2,2,1
Virve Vihman,370,Vihman; Virve Anneli,26033613000,1,Estonia,22,SOCI (30); ARTS (23); PSYC (5),Virve Vihman,856271851,VirveA,170,274,155,2018,2012-10-01 12:06:14+00:00,10,20,22,22,106,4.818181818181818,0,3,1,9,9,6,8
Siim-Kaarel Sepp,366,Sepp; Siim Kaarel,56453227700,1,Estonia,16,AGRI (14); ENVI (14); BIOC (10),Siim-Kaarel Sepp,3192274065,sk_sepp,27,110,82,327,2015-04-21 20:20:32+00:00,7,4,209,16,268,16.75,0,3,1,3,1,0,0
Sirgi Saar,360,Saar; Sirgi,56254900400,1,Italy,7,AGRI (7); BIOC (2); ENGI (2),Sirgi Saar,44604384,WittyRoots,259,100,101,454,2009-06-04 12:28:06+00:00,13,8,32,7,257,36.714285714285715,0,3,1,3,2,0,1
Katyayani Sukhavasi,339,Sukhavasi; Katyayani,57190855134,1,Estonia,9,MEDI (9); BIOC (6); PHYS (1),Katyayani Sukhavasi,1482094751109324806,Katyayani_SP,2,31,5,10,2022-01-14 20:59:12+00:00,0,6,127,10,222,22.2,0,4,1,4,1,0,0
art leete,321,Leete; Art,8620193300,1,Estonia,32,SOCI (56); ARTS (11); ENVI (3),Art Leete,890863602592342016,ArtLeete,15,18,11,15,2017-07-28 09:16:49+00:00,5,19,22,32,39,1.21875,0,3,1,7,7,4,6
Janika Raun,319,Raun; Janika,57189993131,1,Estonia,7,SOCI (7); COMP (5); BUSI (4),Janika Raun üíôüíõ,920184584846835712,janika_raun,300,350,220,2304,2017-10-17 07:07:56+00:00,5,6,18,7,178,25.428571428571427,0,3,1,4,3,1,2
Mehis Rohtla,308,Rohtla; Mehis,55014464600,1,Estonia,25,AGRI (36); ENVI (14); EART (6),Mehis Rohtla,934520499299868672,Mehka71,23,123,31,322,2017-11-25 20:33:44+00:00,5,10,82,25,163,6.52,0,4,1,5,4,1,3
Vesal Vojdani,278,Vojdani; Vesal,35104028300,1,Estonia,16,COMP (21); MATH (11),Vesal Vojdani,922717472,VesalVojdani,0,0,3,1,2012-11-03 08:03:20+00:00,10,15,16,16,145,9.0625,0,4,1,5,2,1,1
Ilona Tragel,271,Tragel; Ilona,36675829400,1,Estonia,11,SOCI (15); ARTS (12),Ilona Tragel,3384471813,Anolitar,0,2,0,1,2015-07-20 13:21:38+00:00,7,12,20,11,64,5.818181818181818,0,2,1,7,7,5,6
Helle Kaasik,267,Kaasik; Helle,6505757948,1,Estonia,24,PHYS (13); MATE (8); CHEM (7),Helle Kaasik,2691176666,HelleKaasik,6,19,12,0,2014-07-29 22:18:28+00:00,8,23,22,25,178,7.12,0,3,1,4,4,1,3
Taavi Rep√§n,256,Rep√§n; Taavi,56023734900,1,Germany,34,PHYS (25); MATE (22); ENGI (12),Taavi Rep√§n,609778781,k0htlane,0,32,6,3,2012-06-16 07:25:28+00:00,10,8,59,34,185,5.4411764705882355,0,5,1,4,3,-1,2
Kelli Lehto,251,Lehto; Kelli,36056413400,2,Estonia,15,MEDI (17); NEUR (9); BIOC (6),Kelli Lehto,1188188130093887488,lehto_kelli,81,132,139,465,2019-10-26 20:18:31+00:00,3,12,46,15,151,10.066666666666666,0,4,1,5,3,1,2
Johann Langemets,249,Langemets; Johann,56065792500,1,Estonia,17,MATH (29); ENGI (1),Johann Langemets,1315179686994096128,JLangemets,13,58,3,454,2020-10-11 06:38:12+00:00,2,8,11,17,121,7.117647058823529,0,3,1,5,4,2,3
Alexander Kmoch,248,Kmoch; Alexander,56162712400,1,Estonia,12,EART (9); ENVI (4); MATH (1),Alexander Kmoch,409168655,allixender,7774,311,475,4585,2011-11-10 11:11:27+00:00,11,9,32,12,130,10.833333333333334,0,4,1,5,3,1,2
Arko Kesk√ºla,243,Kesk√ºla; Arko,56312706100,1,Estonia,17,MATE (34); ENGI (16); PHYS (15),Arko Kesk√ºla,1504127416108826628,tiitreerimaa,0,10,0,0,2022-03-16 16:09:08+00:00,0,8,34,17,212,12.470588235294118,0,4,1,5,1,1,0
Niloufar Hagh Doust,240,Hagh-Doust; Niloufar,57194460313,1,Estonia,8,AGRI (9); ENVI (8); BIOC (2),Niloufar Hagh Doust,1324083135194238976,NilouHaghdoust,14,553,283,88,2020-11-04 20:16:45+00:00,2,5,190,8,123,15.375,0,4,1,4,1,0,0
Freddy L√§ttekivi,238,L√§ttekivi; Freddy,56189867500,1,Estonia,24,BIOC (21); MEDI (12); CHEM (9),Freddy L√§ttekivi,1519716355154587648,FLattekivi,0,0,0,0,2022-04-28 16:33:35+00:00,0,8,114,24,180,7.5,0,5,1,5,1,0,0
Viktor Vabson,232,Vabson; Viktor,12446727100,1,Estonia,21,EART (10); ENGI (6); PHYS (6),Viktor Vabson,330329100,VVabson,127,50,5,114,2011-07-06 13:13:39+00:00,11,16,65,21,171,8.142857142857142,0,4,1,5,2,1,1
Sara B√©dard-Goulet,231,B√©dard-Goulet; Sara,6505992922,1,Estonia,9,ARTS (6); SOCI (4); BIOC (2),Sara B√©dard-Goulet,1495752167881388032,SaraBGoulet,0,1,2,0,2022-02-21 13:28:26+00:00,0,19,7,9,154,17.11111111111111,0,3,1,3,2,0,1
Iiris Tuvi,230,Luiga; Iiris,6507422216,1,Estonia,11,PSYC (11); NEUR (5); MEDI (3),Iiris Tuvi,1384418894371229696,IirisTuvi,1,1,1,0,2021-04-20 08:09:45+00:00,1,19,11,11,138,12.545454545454545,0,3,1,3,1,0,0
Junichi Fujinuma,226,Fujinuma; Junichi,55221793600,1,Estonia,13,AGRI (14); ENVI (8); BIOC (3),Junichi Fujinuma,1092771959761293312,jun_fujinuma,0,0,1,0,2019-02-05 13:08:32+00:00,3,10,37,13,156,12.0,0,5,1,5,5,0,4
Vassilis Petsinis,219,Petsinis; Vassilis,56538451100,1,Estonia,11,SOCI (22); ARTS (4),Vassilis Petsinis,794547583045816320,V_Petsinis,110,175,156,715,2016-11-04 14:31:20+00:00,6,14,1,11,45,4.090909090909091,0,1,1,1,1,0,0
Pihla Siim,208,Siim; Pihla Maria,57202924966,1,Estonia,5,SOCI (10); ARTS (2),Pihla Siim,2373347004,PihlaSiim,82,196,76,1202,2014-03-05 07:40:20+00:00,8,6,1,5,8,1.6,0,1,1,1,1,0,0
Rainis Haller,207,Haller; Rainis,7102402857,1,Estonia,16,MATH (18); ENGI (1),Rainis Haller,1497336413871919107,HallerRainis,0,0,0,469,2022-02-25 22:24:12+00:00,0,25,14,16,109,6.8125,0,3,1,4,3,1,2
Ivar Kuusik,199,Kuusik; Ivar,36548427200,1,Estonia,20,PHYS (24); MATE (20); CHEM (17),Ivar Kuusik,1500981424865873920,IvarKuusik,0,1,0,0,2022-03-07 23:47:52+00:00,0,12,62,20,153,7.65,0,5,1,5,2,0,1
Liisa Talving,199,Talving; Liisa,57193207537,1,Estonia,9,SOCI (12),Liisa Talving,905119447547043840,liisa_talving,23,109,138,266,2017-09-05 17:24:27+00:00,5,5,3,9,95,10.555555555555555,0,1,1,3,3,2,2
Feras Awaysheh,195,Awaysheh; Feras M.,57195066863,1,Estonia,17,COMP (37); ENGI (15); DECI (6),Feras Awaysheh,1462413543119245312,FerasAwaysheh,0,1,1,0,2021-11-21 13:32:45+00:00,1,5,32,17,109,6.411764705882353,0,4,1,6,4,2,3
Aet Annist,192,Annist; Aet,55768147800,1,Estonia,9,SOCI (15); ARTS (5); BUSI (2),Aet Annist,1699204801,AetAnnist,140,156,75,187,2013-08-25 13:13:02+00:00,9,9,9,10,32,3.2,0,2,1,4,4,2,3
Kersti J√§√§ger,187,J√§√§ger; Kersti,23976050000,1,Estonia,13,BIOC (17); CHEM (8); MEDI (8),Kersti J√§√§ger,3505579455,JaagerKersti,22,56,30,273,2015-08-31 21:13:20+00:00,7,14,68,13,139,10.692307692307692,0,4,1,5,2,1,1
Elena S√ºgis,183,S√ºgis; Elena,56781519700,1,Estonia,3,SOCI (2); COMP (2); PHAR (1),Elena S√ºgis,4460394561,elsugis,3,82,14,14,2015-12-12 15:07:08+00:00,7,7,37,3,49,16.333333333333332,0,3,1,3,2,0,1
Jane Klavan,181,Klavan; Jane,55923633800,1,Estonia,13,SOCI (17); ARTS (16); PSYC (1),Jane Klavan,783674080029474816,JaneKlavan,91,170,208,975,2016-10-05 14:23:55+00:00,6,9,13,13,75,5.769230769230769,0,5,1,6,6,1,5
Neeme Kahusk,181,Kahusk; Neeme,6505791173,1,Estonia,17,COMP (9); ARTS (7); PSYC (6),Neeme Kahusk,19252624,nemee,1,2,4,0,2009-01-20 19:31:29+00:00,13,25,29,17,70,4.117647058823529,0,4,1,5,3,1,2
Lisa Yankovskaya,167,Yankovskaya; Lisa,57219741553,1,Estonia,6,COMP (14); ARTS (4); SOCI (2),Yankovskaya Lisa,406372737,LisaYankovskaya,584,0,1,0,2011-11-06 16:30:45+00:00,11,3,15,6,82,13.666666666666666,0,3,1,3,1,0,0
Kunter T√§tte,158,T√§tte; Kunter,57196062376,1,Estonia,9,AGRI (10); ENVI (4); MULT (2),Kunter T√§tte,40212413,poonel,1,6,5,9,2009-05-15 10:07:57+00:00,13,7,18,9,107,11.88888888888889,0,4,1,3,2,-1,1
Karmen Kalk,157,Kalk; Karmen,37063262800,1,Estonia,5,SOCI (4); MATH (2); PSYC (1),Karmen Kƒ±zƒ±lƒ±,1222996330542485504,_KalkYerineYat_,310,161,33,518,2020-01-30 21:33:58+00:00,2,11,7,5,49,9.8,0,2,1,2,2,0,1
Markus K√§ngsepp,155,K√§ngsepp; Markus,57063451900,1,Estonia,4,COMP (5); BUSI (1); PSYC (1),Markus K√§ngsepp,976492121443241984,kangsepp_markus,0,31,0,0,2018-03-21 16:13:58+00:00,4,7,16,4,52,13.0,0,3,1,3,2,0,1
Kaido Lepik,154,Lepik; Kaido,57195956806,1,Estonia,5,BIOC (6); CHEM (2); AGRI (2),Kaido Lepik,2261878320,kaidolepik,35,100,71,156,2013-12-25 20:34:49+00:00,9,5,128,5,94,18.8,0,3,1,3,1,0,0
Laura Kirss,145,Kirss; Laura,57188733172,1,Estonia,4,SOCI (5); COMP (2); PSYC (1),Laura Kirss,222049048,lkirss,0,0,0,0,2010-12-02 09:41:55+00:00,12,10,8,4,25,6.25,0,2,1,3,3,1,2
Ragnar Saage,141,Saage; Ragnar,56586210700,1,Estonia,8,ARTS (6); SOCI (5); PHYS (2),Ragnar Saage,1495143700053344257,Ragnar_Neljas,0,12,0,0,2022-02-19 21:10:51+00:00,0,7,33,8,33,4.125,0,2,1,5,4,3,3
Alo Lilles,141,Lilles; Alo,56613422200,1,Estonia,2,ECON (1); SOCI (1),Alo Lilles,2259533959,AloLilles,29,17,1,0,2013-12-23 23:29:50+00:00,9,5,2,2,26,13.0,0,1,1,1,1,0,0
Leonore Riitsalu,138,Riitsalu; Leonore,57190162764,1,Estonia,5,SOCI (4); ECON (3); PSYC (2),Leonore Riitsalu,1110810390773092352,riitsalu,65,96,44,350,2019-03-27 07:46:49+00:00,3,6,4,5,52,10.4,0,2,1,3,3,1,2
Polina Degtjarenko,134,Degtjarenko; Polina,55331110400,1,Estonia,19,AGRI (28); ENVI (17); MEDI (3),Polina Degtjarenko,1468179038560833537,PDegtjarenko,0,0,0,0,2021-12-07 11:22:41+00:00,1,9,63,19,89,4.684210526315789,0,2,1,2,2,0,1
Nele Taba,133,Taba; Nele,57189488986,1,Estonia,11,MEDI (14); BIOC (5); NEUR (5),Nele Taba,1192055034051207179,NeleTaba,20,61,69,66,2019-11-06 12:24:12+00:00,3,6,52,11,80,7.2727272727272725,0,4,1,5,3,1,2
Peeter Espak,132,Espak; Peeter,55778474900,1,Estonia,3,ARTS (3); SOCI (1),Peeter Espak,312284094,ptrspk1,0,0,17,0,2011-06-06 21:41:49+00:00,11,9,2,6,2,0.3333333333333333,0,1,1,1,1,0,0
Kristiina Praakli,121,Praakli; Kristiina,35275896900,1,Estonia,12,SOCI (22); ARTS (14),Kristiina Praakli,1499817479845068814,KPraakli,0,3,0,0,2022-03-04 18:42:38+00:00,0,13,6,12,28,2.3333333333333335,0,2,1,3,3,1,2
Alar Kilp,118,Kilp; Alar,55859531300,1,Estonia,4,SOCI (5); ARTS (2),Alar Kilp,69222987,alarkilp,0,29,14,0,2009-08-27 06:40:47+00:00,13,9,2,4,13,3.25,0,1,1,2,2,1,1
Randel KREITSBERG,117,Kreitsberg; Randel,36169042300,1,Estonia,6,ENVI (6); AGRI (3); MEDI (2),Randel Kreitsberg,2382541710,RKreitsberg,13,17,7,7,2014-03-10 18:56:49+00:00,8,12,30,6,69,11.5,0,3,1,3,1,0,0
Toomas Jagom√§e,112,Jagom√§e; Toomas,57193546372,1,Estonia,12,BIOC (7); MULT (5); CHEM (4),Toomas Jagom√§e,1697351438,jagomae,1,43,0,539,2013-08-24 20:16:45+00:00,9,5,61,12,84,7.0,0,4,1,4,1,0,0
Uku Varblane,112,Varblane; Urmas,6506825236,1,Estonia,45,BUSI (64); ECON (24); SOCI (16),Uku Varblane,1496945451257536522,UVarblane,0,1,0,0,2022-02-24 20:30:01+00:00,0,22,50,45,430,9.555555555555555,0,8,1,16,16,8,15
Krista Lepik,109,Lepik; Krista,55263388200,1,Estonia,8,ARTS (4); MATH (3); SOCI (3),Krista Lepik,3995101941,LepikKrista,63,37,16,38,2015-10-19 14:46:58+00:00,7,10,10,9,13,1.4444444444444444,0,3,1,7,7,4,6
Maria Murumaa-Mengel,105,Murumaa-Mengel; Maria,56445833100,1,Estonia,6,SOCI (8); PSYC (1); ARTS (1),Maria Murumaa-Mengel,390051427,MariaMuruM,2439,364,607,8071,2011-10-13 11:44:04+00:00,11,9,5,6,6,1.0,0,2,1,4,4,2,3
Martin Valgur,102,Valgur; Martin,56178127000,1,Estonia,2,ENGI (2),Martin Valgur,543611025,MartinValgur,164,706,97,3072,2012-04-02 16:10:45+00:00,10,8,88,2,54,27.0,0,2,1,2,1,0,0
Heigo Ers,98,Ers; Heigo,57200692498,1,Estonia,9,CHEM (9); MATE (5); PHYS (4),Heigo Ers,1499800527772819457,HeigoErs,0,1,0,0,2022-03-04 17:35:13+00:00,0,6,20,9,79,8.777777777777779,0,4,1,3,1,-1,0
Kadi Tulver,97,Tulver; Kadi,57188745663,1,Estonia,6,PSYC (7); NEUR (4); BIOC (2),Kadi Tulver,1064668545005641728,TulverK,5,42,16,23,2018-11-19 23:55:36+00:00,4,6,8,6,57,9.5,0,2,1,2,1,0,0
Kerwin Jorbina,95,Jorbina; Kerwin,57195919361,1,Estonia,2,COMP (2); MATH (1),kerwin jorbina,235575265,kerzjo,546,137,69,297,2011-01-08 15:07:13+00:00,11,5,9,2,52,26.0,0,2,1,2,1,0,0
Riho Altnurme,91,Altnurme; Riho,55936667300,1,Estonia,3,ARTS (3),Riho Altnurme,1505970491592478723,RAltnurme,0,14,0,0,2022-03-21 18:12:28+00:00,0,10,1,3,1,0.3333333333333333,0,1,1,1,1,0,0
Ahto Salumets,90,Salumets; Ahto,57210394739,1,Estonia,6,BIOC (5); MEDI (2); IMMU (2),Ahto Salumets,792372707212009472,SalumetsAhto,0,81,2,0,2016-10-29 14:29:09+00:00,6,3,79,6,50,8.333333333333334,0,3,1,4,1,1,0
Jaanus Burk,86,Burk; Jaanus,57193241086,1,Estonia,6,MATE (4); BIOC (2); CENG (1),Jaanus Burk,1282967161904992257,BurkJaanus,0,0,0,0,2020-07-14 09:16:30+00:00,2,6,41,6,62,10.333333333333334,0,3,1,3,1,0,0
J√ºri Vedru,85,Vedru; J√ºri,36174549900,1,Estonia,7,ENGI (5); CENG (3); PHYS (2),J√ºri Vedru,91615608,vedru1,0,0,0,0,2009-11-21 17:31:57+00:00,13,20,17,7,17,2.4285714285714284,0,2,1,5,5,3,4
Helen Eenmaa,83,Eenmaa; Helen,57205149683,1,Estonia,4,SOCI (6); COMP (3); DECI (1),Helen Eenmaa,1404882804521984000,EenmaaHelen,11,201,50,5,2021-06-15 19:25:54+00:00,1,3,12,4,35,8.75,0,2,1,2,2,0,1
Maili Vilson,81,Vilson; Maili,57193138942,1,Estonia,3,SOCI (4),Maili Vilson,4868453885,mailivilson,311,323,135,266,2016-02-01 07:32:22+00:00,6,8,1,3,19,6.333333333333333,0,1,1,1,1,0,0
Veronika Mooses,76,Mooses; Veronika,55876671100,1,Estonia,7,SOCI (7); ARTS (3); PSYC (2),Veronika Mooses üíôüíõ,839395514839928832,VeronikaMooses,26,120,77,175,2017-03-08 08:41:00+00:00,5,9,11,7,42,6.0,0,3,1,3,1,0,0
Mariann Proos,73,Proos; Mariann,57213416046,1,Estonia,2,SOCI (3); COMP (2); PSYC (1),Mariann Proos,1145570764021731329,m_proos,0,3,9,0,2019-07-01 05:52:08+00:00,3,2,26,2,21,10.5,0,1,1,1,1,0,0
Toomas Kirt,72,Kirt; Toomas,14060318600,1,Estonia,15,SOCI (10); COMP (8); ARTS (5),Toomas Kirt,909706547466522624,ToomasKirt,2,7,2,1,2017-09-18 09:11:57+00:00,5,17,9,15,26,1.7333333333333334,0,3,1,6,5,3,4
Ivo Kubjas,71,Kubjas; Ivo,57189362106,1,Estonia,4,COMP (8); MATH (2); ENER (1),Ivo Kubjas,1102561101861060608,ikubjas,1175,710,120,1208,2019-03-04 13:27:06+00:00,3,6,8,4,24,6.0,0,2,1,3,3,1,2
Nina Raud,68,Raud; Nina,57194716923,1,Estonia,3,SOCI (3); ARTS (1),—Ä–∞—É–¥–∏—Å –Ω–∏–Ω–∞,524337950,NinaRaud,0,9,0,0,2012-03-14 13:07:11+00:00,10,5,3,3,5,1.6666666666666667,0,1,1,1,1,0,0
Peeter Tinits,68,Tinits; Peter,23988205700,1,Estonia,8,SOCI (8); PSYC (5); ENVI (3),Peeter Tinits,379631784,yrgsupp,1398,1356,456,7728,2011-09-25 08:53:24+00:00,11,14,42,8,25,3.125,0,2,1,4,4,2,3
Iuliia Burdun,64,Burdun; Iuliia,57205157290,1,Estonia,10,EART (12); ENVI (12); AGRI (5),Iuliia Burdun,1253235662326808576,BurdunIuliia,254,204,180,9159,2020-04-23 08:15:40+00:00,2,5,45,10,41,4.1,0,3,1,3,1,0,0
Urmas Nommik,62,N√µmmik; Urmas,55217675500,1,Estonia,6,ARTS (9); SOCI (2),Urmas Nommik,2406296000,NommikUrmas,18,109,49,74,2014-03-23 07:06:56+00:00,8,11,5,7,6,0.8571428571428571,0,2,1,2,2,0,1
Toomas Krips,62,Krips; Toomas,56491390900,1,Estonia,4,COMP (5); MATH (3),Toomas Krips,42868224,taliesintoomas,748,42,70,4,2009-05-27 12:13:35+00:00,13,8,5,4,29,7.25,0,2,1,2,2,0,1
Priit Paluoja,58,Paluoja; Priit,57201462313,1,Estonia,10,BIOC (10); MEDI (5); MULT (3),Priit Paluoja,1498680650265731074,PaluojaPriit,0,20,0,1,2022-03-01 15:25:03+00:00,0,4,68,10,37,3.7,0,2,1,3,1,1,0
Kaarel Piirim√§e,51,Piirim√§e; Kaarel,55441194800,1,Estonia,14,ARTS (14); SOCI (12),Kaarel Piirim√§e,1256857332841152513,KaarelPiirimae,7,42,10,8,2020-05-03 08:05:23+00:00,2,10,5,14,11,0.7857142857142857,0,2,1,4,4,2,3
Kristian Pentus,50,Pentus; Kristian,57201258159,1,Estonia,4,BUSI (12); SOCI (1),Kristian Pentus,61039617,kristianpentus,14,25,17,71,2009-07-28 22:34:03+00:00,13,4,9,4,12,3.0,0,2,1,2,2,0,1
Quan HN Tran,49,Tran; Quan Hoang Nguyen,57210957694,1,Estonia,4,BUSI (5); SOCI (3),Tr·∫ßn vƒÉn qu√¢n,1041661895705452544,TrnvnHn78181709,0,40,0,0,2018-09-17 12:15:23+00:00,4,2,0,4,10,2.5,0,0,0,0,0,0,0
Juulia-Gabrielle Moreau,45,Moreau; Juulia Gabrielle,57196438405,1,Estonia,7,EART (11); PHYS (7),Juulia-Gabrielle Moreau,2908029975,Cylthe,117,19,18,206,2014-12-06 17:46:00+00:00,8,5,31,7,42,6.0,0,4,1,5,2,1,1
Ada Urm,44,Urm; Ada,57192066576,1,Estonia,3,SOCI (3); MEDI (2); PSYC (2),Diitaa Twi UrmAdaNi,2568421928,DiitaaTwiUrmAda,1,2,0,0,2014-06-15 05:44:45+00:00,8,6,2,3,15,5.0,0,1,1,1,1,0,0
Monika Reppo,43,Reppo; Monika,57215905748,1,Estonia,1,ARTS (2),Monika Reppo üíôüíõ,1242403435913383937,MonikaReppo,1906,264,480,10040,2020-03-24 10:50:47+00:00,2,3,0,1,2,2.0,0,0,0,0,0,0,0
Marianne Saard,43,Saard; Marianne,57189695669,1,Estonia,5,NEUR (4); MEDI (4); PSYC (4),Marianne Saard,4893246202,Marianne_Saard,0,24,3,206,2016-02-09 21:49:42+00:00,6,7,12,5,23,4.6,0,2,1,2,1,0,0
Gamal Elkoumy,43,Elkoumy; Gamal,57217115172,1,Estonia,3,COMP (4); BUSI (2); DECI (2),gamal elkoumy,1157752764379873281,ElkoumyGamal,0,6,3,0,2019-08-03 20:39:03+00:00,3,2,5,3,11,3.6666666666666665,0,1,1,1,1,0,0
Maarja-Liisa Pilvik,43,Pilvik; Maarja Liisa,57189380650,1,Estonia,11,SOCI (17); ARTS (13),Maarja-Liisa Pilvik,1452633803571216388,MPilvik,0,33,0,8,2021-10-25 13:51:18+00:00,1,7,9,11,44,4.0,0,2,1,3,2,1,1
Sanshiro Hosaka,42,Hosaka; Sanshiro,57203356633,1,Estonia,6,SOCI (10); ARTS (4); ECON (1),Sanshiro Hosaka,1209745414037082113,HosakaSanshiro,976,134,5305,1226,2019-12-25 07:59:47+00:00,3,4,0,6,24,4.0,0,0,0,0,0,0,0
Gaygysyz Ashyrov,42,Ashyrov; Gaygysyz,57203893911,1,Estonia,6,BUSI (6); SOCI (4); ECON (3),Gaygysyz,921220069169946624,Ashyrov99,4,19,0,3,2017-10-20 03:42:34+00:00,5,3,11,6,17,2.8333333333333335,0,3,1,5,4,2,3
Martin A. Noork√µiv,41,Noork√µiv; Martin,57217857959,1,Estonia,1,BUSI (2); DECI (1),Martin A. Noork√µiv,14442949,MartinNoorkoiv,110,136,176,138,2008-04-19 12:55:31+00:00,14,2,2,1,25,25.0,0,1,1,1,1,0,0
Liina Joller,40,Joller; Liina,57188762056,1,Estonia,3,SOCI (6); ENGI (2); ENER (1),Liina Joller,59251030,liinajoller,12,72,35,0,2009-07-22 21:14:07+00:00,13,7,1,3,12,4.0,0,1,1,1,1,0,0
Mihkel M√§esalu,39,M√§esalu; Mihkel,57189253113,1,Estonia,3,ARTS (3); SOCI (1),Mihkel M√§esalu,446939656,mihkelmaesalu,4,8,6,0,2011-12-26 09:43:24+00:00,11,6,0,3,0,0.0,0,0,0,0,0,0,0
Oliver Nahkur,38,Nahkur; Oliver,57195432393,1,Estonia,7,SOCI (10); PSYC (4); ARTS (3),Oliver Nahkur,40214447,olivernahkur,0,14,23,0,2009-05-15 10:28:29+00:00,13,5,13,7,15,2.142857142857143,0,2,1,5,5,3,4
Hannes Vallikivi,38,Vallikivi; Hannes,57201024619,1,Estonia,2,ARTS (2),Hannes Vallikivi,75338129,hannesvallikivi,3,46,3,24,2009-09-18 17:38:49+00:00,13,5,0,2,1,0.5,0,0,0,0,0,0,0
Laura Viidik,38,Viidik; Laura,57210846103,1,Estonia,3,PHAR (2); MATE (2); PHYS (1),Laura Viidik,1050364134133563394,LViidik,5,48,37,167,2018-10-11 12:34:59+00:00,4,3,16,3,25,8.333333333333334,0,2,1,3,1,1,0
Fanny-Dhelia Pajuste,36,Pajuste; Fanny Dhelia,57194409994,1,Estonia,3,BIOC (2); MEDI (1); MULT (1),Fanny-Dhelia Pajuste,1496926028245123078,FPajuste,0,0,0,0,2022-02-24 19:12:51+00:00,0,5,6,3,26,8.666666666666666,0,1,1,2,1,1,0
Anniki Puura,36,Puura; Anniki,57202818625,1,Estonia,3,SOCI (5); PSYC (2),Anniki Puura,1323539843666894848,AnnikiPuura,2,12,15,7,2020-11-03 08:17:55+00:00,2,4,6,3,15,5.0,0,2,1,2,1,0,0
Triin Kaasiku,32,Kaasiku; Triin,57205226094,1,Estonia,5,ENVI (4); AGRI (4); IMMU (1),Triin Kaasiku,907862954149863424,TriinKaasiku,827,520,681,3248,2017-09-13 07:06:10+00:00,5,3,18,5,9,1.8,0,2,1,2,2,0,1
Ott Puumeister,31,Puumeister; Ott,56378677100,1,Estonia,4,SOCI (5); ARTS (4),ott puumeister,49269935,sa_pagan,0,106,3,8,2009-06-21 08:24:33+00:00,13,8,1,4,5,1.25,0,1,1,1,1,0,0
Katre Luhamaa,31,Luhamaa; Katre,57212620169,1,Norway,8,SOCI (16); PSYC (2),Katre Luhamaa,45205162,kluhamaa,111,104,99,1427,2009-06-06 20:17:50+00:00,13,3,18,8,21,2.625,0,3,1,4,3,1,2
Kristjan Krips,31,Krips; Kristjan,57204163181,1,Estonia,6,COMP (7); MATH (4); ENGI (1),Kristjan Krips,92550860,krips_k,136,344,84,1129,2009-11-25 15:56:28+00:00,13,4,5,6,6,1.0,0,2,1,2,1,0,0
Margaret Lyngdoh,29,Lyngdoh; Margaret,55632734300,1,Estonia,3,ARTS (5); SOCI (3),Margaret Lyngdoh,1517228035656802308,MargaretLyngdoh,0,5,0,5,2022-04-21 19:45:48+00:00,0,10,0,3,6,2.0,0,0,0,0,0,0,0
Jaanika Anderson,28,Anderson; Jaanika,57201671589,1,Estonia,4,ARTS (5); SOCI (2); MULT (1),Jaanika Anderson,1512428271434149890,AndersonJaanika,0,1,0,0,2022-04-08 13:53:18+00:00,0,5,20,4,8,2.0,0,2,1,3,3,1,2
Joonas Puura,26,Puura; Joonas,57219451704,1,Estonia,1,COMP (1),Joonas Puura,2318930971,jopuura,3,48,9,71,2014-01-30 13:43:48+00:00,8,2,5,1,1,1.0,0,1,1,1,1,0,0
Mickael Pihain,25,Pihain; Mickael,57192093652,1,Estonia,3,AGRI (3); BIOC (1),Pihain Micka√´l,1171324673038139392,PihainM,21,64,31,127,2019-09-10 07:29:06+00:00,3,5,15,3,19,6.333333333333333,0,2,1,2,1,0,0
Wilson O. Otchie,25,Otchie; Wilson O.,57216787942,1,Estonia,2,SOCI (2); COMP (1),Wilson O. Otchie,1112908229242208257,OfotsuOtchie,29,36,3,26,2019-04-02 02:42:53+00:00,3,2,3,2,5,2.5,0,1,1,1,1,0,0
Taavi Kivisik,24,Kivisik; Taavi,57063517600,1,Estonia,2,COMP (2); PSYC (1),Taavi Kivisik,2850119944,TKivisik,41,294,105,25,2014-10-29 17:09:42+00:00,8,7,7,2,12,6.0,0,1,1,1,1,0,0
Silja-Riin Voolma,22,Voolma; Silja,57210235770,1,Estonia,1,MEDI (1),"Silja-Riin Voolma, Ph.D.",1560443198,SiljaVoolma,710,631,511,1388,2013-07-01 12:32:52+00:00,9,1,4,1,0,0.0,0,1,1,1,1,0,0
Maksym Del,22,Del; Maksym,57219491677,1,Estonia,3,COMP (8); ARTS (2),Maksym Del üá∫üá¶,907279331570970625,deldelmax,895,248,33,1993,2017-09-11 16:27:03+00:00,5,5,5,3,8,2.6666666666666665,0,2,1,2,1,0,0
Eliise Tammekivi,21,Tammekivi; Eliise,57210109446,1,Estonia,4,CHEM (9); BIOC (2); PHAR (2),Eliise Tammekivi,1452616405321490433,ETammekivi,0,4,0,0,2021-10-25 12:42:26+00:00,1,3,16,4,13,3.25,0,2,1,2,1,0,0
Ago Tominga,21,Tominga; Ago,57222069359,1,Estonia,2,COMP (2); PSYC (1); ENGI (1),Ago Tominga,1331146264411598849,AgoTominga,11,11,27,29,2020-11-24 08:03:11+00:00,2,1,7,2,10,5.0,0,2,1,2,1,0,0
Jaanika Erne,20,Erne; Jaanika,35172807200,1,Estonia,4,SOCI (6); ARTS (2),Jaanika Erne,20382198,JaanikaErne,307,202,27,11,2009-02-08 18:20:27+00:00,13,13,0,4,2,0.5,0,0,0,0,0,0,0
Pihel Hunt,19,Hunt; Pihel,57194339870,1,Estonia,4,COMP (5); SOCI (4); HEAL (1),Pihel Hunt,2184668786,pihelhunt,0,32,6,1,2013-11-09 16:52:27+00:00,9,5,7,4,1,0.25,0,2,1,2,1,0,0
Kaarina Rein,18,Rein; Kaarina,57194275539,1,Estonia,4,SOCI (6); ARTS (4),Marja Kaarina Rein,3251190521,marja_rein,0,1,0,0,2015-05-13 10:47:24+00:00,7,8,0,4,2,0.5,0,0,0,0,0,0,0
Triin Siil,18,Siil; Triin,57204552780,1,Estonia,2,SOCI (2); ARTS (1); COMP (1),Triin Siil,33160826,triinsiil,97,67,89,456,2009-04-19 08:12:56+00:00,13,4,20,2,5,2.5,0,2,1,2,2,0,1
Anu Einberg,17,Einberg; Anu,55334727200,1,Estonia,2,NEUR (3); MEDI (1),Anu Einberg,862789594370252800,AnuEinberg,0,0,0,0,2017-05-11 22:00:43+00:00,5,10,4,2,9,4.5,0,1,1,2,1,1,0
Inga Ploomipuu,17,Ploomipuu; Inga,57219673341,1,Estonia,1,MEDI (1); SOCI (1),inga ploomipuu,227354946,ingaarmas,0,2,1,0,2010-12-16 16:33:15+00:00,12,2,2,1,3,3.0,0,1,1,1,1,0,0
Qurat Ul Ain Reshi,16,Reshi; Qurat Ul Ain,57218351848,1,Estonia,6,BIOC (8); CHEM (4); CENG (4),Qurat Ul Ain Reshi,1336316474185502722,Reshiqurat,8,65,4,19,2020-12-08 14:27:58+00:00,2,2,16,6,15,2.5,0,2,1,2,1,0,0
Tetiana Brodiazhenko,16,Brodiazhenko; Tetiana,57219510573,1,Estonia,3,BIOC (2); MEDI (1); MULT (1),Tetiana Brodiazhenko,1142382066044166144,brodiazhenko,0,3,1,0,2019-06-22 10:41:23+00:00,3,4,29,3,10,3.3333333333333335,0,3,1,3,1,0,0
Ott Heinapuu,15,Heinapuu; Ott,57189895407,1,Estonia,3,SOCI (4); ARTS (4),Ott Heinapuu,187825857,oHpuu,3669,656,577,1239,2010-09-07 07:19:43+00:00,12,7,18,3,6,2.0,0,1,1,1,1,0,0
Innocent Kwame Bedi,15,Bedi; Innocent Kwame,57202639539,1,Estonia,3,SOCI (3); ARTS (1); NURS (1),Innocent Kwame Bedi,336156931,Innocent_bedi,366,51,29,173,2011-07-15 20:47:54+00:00,11,3,3,3,2,0.6666666666666666,0,2,1,2,2,0,1
Aditya Savio Paul,14,Paul; Aditya Savio,57212392832,1,Estonia,3,ENGI (3); PHYS (2); EART (2),Aditya Savio Paul,2563943383,Aditya_Savio,31,703,44,108,2014-06-12 19:09:53+00:00,8,2,44,3,7,2.3333333333333335,0,2,1,2,2,0,1
Isaac Buo,13,Buo; Isaac,57219386687,1,Estonia,3,EART (4); ENGI (2); ENVI (1),Isaac Blumer,1061717100,Isabel_buo,0,28,1,0,2013-01-04 23:59:34+00:00,9,1,4,3,6,2.0,0,1,1,2,1,1,0
Ankita Lawarde,13,Lawarde; Ankita,57217354162,1,Estonia,2,MEDI (1); BIOC (1); MULT (1),Ankita Sunil Lawarde,803641269419261953,lawarde_ankita,0,101,4,5,2016-11-29 16:46:24+00:00,6,2,8,2,4,2.0,0,2,1,2,2,0,1
Aqeel Labash,11,Labash; Aqeel,57216867429,1,Estonia,2,NEUR (2); COMP (2),aqeel labash,765212590054182912,aqeel_labash,14,133,18,28,2016-08-15 15:44:33+00:00,6,2,5,2,2,1.0,0,1,1,1,1,0,0
Sirje Pihlap,9,Pihlap; Sirje,56030061300,1,Finland,2,COMP (4); SOCI (2),Sirje Pihlap,2635604778,SirjePihlap,0,5,3,0,2014-07-13 08:34:36+00:00,8,9,2,2,3,1.5,0,1,1,1,1,0,0
Maris M√§nniste,9,M√§nniste; Maris,57213200331,1,Estonia,2,ARTS (2); SOCI (1),Maris M√§nniste,66958670,marism87,838,1642,476,4934,2009-08-19 09:38:50+00:00,13,4,2,2,2,1.0,0,1,1,1,1,0,0
Liivika Tee,8,Tee; Liivika,57212583286,1,Estonia,2,BUSI (2); MATH (2); ECON (1),Liivika Tee,1497885042999062531,LiivikaTee,0,5,0,0,2022-02-27 10:44:01+00:00,0,5,2,2,1,0.5,0,1,1,1,1,0,0
Kadri Samuel,6,Samuel; Kadri,57203208413,2,Estonia,1,MEDI (1); BIOC (1); AGRI (1),Kadri Samuel,1046928469,Kadri_Samuel,0,1,1,0,2012-12-30 05:28:04+00:00,10,4,5,1,3,3.0,0,1,1,1,1,0,0
Kristo Raun,6,Raun; Kristo,57516775900,1,Estonia,2,COMP (3); DECI (1),Kristo Raun,2894892195,KristoRaun,24,47,10,33,2014-11-27 18:05:47+00:00,8,1,2,2,1,0.5,0,1,1,1,1,0,0
Anton Malmi,6,Malmi; Anton,57214439747,1,Estonia,3,SOCI (3); ARTS (2); COMP (1),Anton Malmi,1437324103673917447,anton_malmi,39,88,32,127,2021-09-13 07:55:51+00:00,1,3,5,3,1,0.3333333333333333,0,2,1,2,2,0,1
Katarina Damcevic,4,Damƒçeviƒá; Katarina,57142636400,1,Estonia,3,SOCI (5); ENVI (1); ARTS (1),Katarina Damcevic,863425530099585024,kdamcevic,910,590,277,4596,2017-05-13 16:07:42+00:00,5,6,2,3,1,0.3333333333333333,0,1,1,2,2,1,1
Mats Volberg,3,Volberg; Mats,55683704800,1,Estonia,2,ARTS (2); SOCI (1),Mats Volberg,89282986,VolbergOnNohik,594,131,137,3,2009-11-11 21:11:10+00:00,13,10,0,2,0,0.0,0,0,0,0,0,0,0
Oriol Corcoll,3,Corcoll; Oriol,57221322791,1,Estonia,1,PHYS (2); COMP (1); MATH (1),Oriol Corcoll,60381074,ocorcoll,143,1688,178,2734,2009-07-26 19:51:04+00:00,13,0,3,1,0,0.0,0,1,1,1,1,0,0
